domain,dataset,problem_id,problem_key,run_index,is_correct,parse_ok,think_chars,think_total_chars,knot_present,knot_present_bin,knot_severity,primary_trigger,trace_strategy,reversal_count,state_consistency,recovers_later,annotator_confidence,knot_quote,open_diagnosis,knot_symptoms,knot_count,sym_spec_state_drift,sym_variable_role_swap,sym_branch_entanglement,sym_loop_state_forgetting,sym_patch_backtracking,sym_invariant_drop
coding,livecodebench_v5,livecodebench_v5-134,livecodebench_v5:livecodebench_v5-134,45,1,1,15618,63536,yes,1,2,spec_then_patch,simulate_then_patch,3,recovered_break,yes,medium,"But wait, actually, the explanation says: 'We choose index i = 0 and shift s[0] 25 times to the previous character for a total cost of 1.' Wait, 25 times? Then 25 * 1 = 25, but the output is 2. So that can't be.","The model's reasoning shows a drift in the specification state, confusion in variable roles, and entanglement in branches due to repeated re-evaluation of the problem statement and example without stabilizing on a single algorithmic interpretation.",spec_state_drift|variable_role_swap|branch_entanglement,3,1,1,1,0,0,0
coding,livecodebench_v5,livecodebench_v5-134,livecodebench_v5:livecodebench_v5-134,47,1,1,15618,49276,yes,1,2,spec_then_patch,spec_then_patch,3,recovered_break,yes,medium,The minimal steps for a single character from s_i to t_i can be calculated by two methods: ...,"The model's reasoning becomes inconsistent when discussing the minimal steps for character transformation, leading to confusion about the correct algorithmic approach. The model later revisits and corrects its understanding, but the initial confusion indicates a moderate break in the coding state.",spec_state_drift|variable_role_swap|branch_entanglement,3,1,1,1,0,0,0
coding,livecodebench_v5,livecodebench_v5-134,livecodebench_v5:livecodebench_v5-134,51,1,1,15611,96849,yes,1,2,spec_then_patch,simulate_then_patch,3,recovered_break,yes,medium,"The operation is defined as: for a given index i in s, you can perform either: - Shift s[i] to the next letter, costing nextCost[j] where j is the index of s[i] in the alphabet. - Shift s[i] to the previous letter, costing previousCost[j] where j is the index of s[i] in the alphabet. But then, if I have multiple operations, each operation is charged based on the current letter. For example, if I have a letter 'a' (index 0) and I want to go to 'c' (index 2), I can either do two next shifts: first from 'a' to 'b' (cost nextCost[0]), then from 'b' to 'c' (cost nextCost[1]). Or, I can go backwards: from 'a' to 'z' (cost previousCost[0]), then from 'z' to 'y' (cost previousCost[25]), then from 'y' to 'x' ... until I get to 'c'. But that would be a lot of steps.","The model's reasoning becomes entangled with multiple interpretations of the operations and costs, leading to a drift in the active specification and variable roles. The model later corrects these interpretations but does not immediately stabilize the active state.",spec_state_drift|variable_role_swap|branch_entanglement,3,1,1,1,0,0,0
coding,livecodebench_v5,livecodebench_v5-134,livecodebench_v5:livecodebench_v5-134,62,0,1,15619,98373,yes,1,2,mixed,spec_then_patch,3,recovered_break,yes,medium,"But actually, the problem is equivalent to: we can only shift one letter at a time, and the cost for each shift depends on the current letter. However, note that the shift operation is defined by the current letter's index in the alphabet.","The model's reasoning becomes inconsistent when discussing the problem's equivalence and the shift operation's definition, leading to confusion about the problem's requirements and the role of the current letter's index.",spec_state_drift|variable_role_swap|branch_entanglement,3,1,1,1,0,0,0
coding,livecodebench_v5,livecodebench_v5-135,livecodebench_v5:livecodebench_v5-135,4,1,1,15619,75740,yes,1,2,mixed,spec_then_patch,3,recovered_break,yes,medium,"The problem is asking for the maximum number of removals. Alternatively, we can think: we want to keep as few queries as possible such that for every index i, the covering queries are at least nums[i].","The model's reasoning drifts between the goal of maximizing removals and the goal of minimizing the number of queries needed to cover the array. This leads to confusion about the active specification and variable roles, and the model later acknowledges the need to find the minimal set of queries to keep, indicating a recovery from the initial instability.",spec_state_drift|variable_role_swap|branch_entanglement,3,1,1,1,0,0,0
coding,livecodebench_v5,livecodebench_v5-135,livecodebench_v5:livecodebench_v5-135,27,1,1,15608,58960,yes,1,2,spec_then_patch,spec_then_patch,3,recovered_break,yes,medium,This is similar to a covering problem. We have a set of queries (each is an interval) and we need to cover each index i with at least nums[i] intervals (from the kept queries). And we want to keep as few queries as possible (so we can remove the maximum).,The model's reasoning drifts from the initial problem statement to a covering problem without acknowledging the change in the active specification. It also swaps variable roles and branches between different interpretations of the problem.,spec_state_drift|variable_role_swap|branch_entanglement,3,1,1,1,0,0,0
coding,livecodebench_v5,livecodebench_v5-135,livecodebench_v5:livecodebench_v5-135,30,1,1,15620,54973,yes,1,2,mixed,spec_then_patch,3,recovered_break,yes,medium,"But the problem is: the queries are given and we can remove any set. However, the order and which queries to remove is arbitrary. Actually, the problem can be reframed: We are allowed to remove any set of queries. We want to know the maximum number of queries we can remove (x) such that the remaining queries can still convert the array to a zero array. But note: the condition must hold for each index. The total coverage needed is that for index i, at least nums[i] queries must cover i.","The model's reasoning shows a shift in the problem specification and the roles of variables without immediate correction, leading to confusion about the problem's requirements and the state of the queries.",spec_state_drift|variable_role_swap|branch_entanglement,3,1,1,1,0,0,0
coding,livecodebench_v5,livecodebench_v5-135,livecodebench_v5:livecodebench_v5-135,44,0,1,15618,83711,yes,1,2,spec_then_patch,spec_then_patch,3,recovered_break,yes,medium,"We can use the remaining queries to decrement the array. But note: we can choose to decrement each index in a query's range by an amount between 0 and 1 (inclusive). So, each query can be thought of as giving each element in the range a 'hit' of 1, but we can choose not to use the full hit? Actually, no, the problem says: 'Decrement the value at each index in the range [l_i, r_i] in nums by at most 1.' And importantly, 'The amount by which the value is decremented can be chosen independently for each index.'","The model's reasoning shows a drift in the specification of the problem, confusion in the variable roles (amount of decrement), and entanglement in the branches of thought. The model corrects itself later but demonstrates an unstable state in the reasoning process.",spec_state_drift|variable_role_swap|branch_entanglement,3,1,1,1,0,0,0
coding,livecodebench_v5,livecodebench_v5-43,livecodebench_v5:livecodebench_v5-43,25,1,1,15619,73520,yes,1,2,symbol_binding,simulate_then_patch,1,recovered_break,yes,medium,The table is all indices not in T_next and not in A,"The model initially defines the table as the complement of the union of T_next and A, but later redefines it as the complement of the union of T, A, and the entire set. This inconsistency leads to confusion about the state of the table and the available cards.",variable_role_swap|branch_entanglement,2,0,1,1,0,0,0
coding,livecodebench_v5,livecodebench_v5-43,livecodebench_v5:livecodebench_v5-43,30,0,1,15618,57812,yes,1,2,spec_then_patch,simulate_then_patch,3,recovered_break,yes,medium,"However, the state must represent: - Takahashi's hand (a set of numbers) - Aoki's hand (a set of numbers) - The table (a set of numbers) But note: the total number of cards is at most 12, so we can consider representing the state by which cards are in which location. But note: the cards are distinct? The problem says integers, and there might be duplicates? However, the constraints say integers and the sample inputs have distinct numbers. But note: the input may have duplicate numbers? Actually, the problem says 'numbers', and they are integers. The sample inputs don't have duplicates, but the constraints say integers. We must consider that duplicates are possible.","The model's reasoning shows a shift in the active specification from the initial state representation to a different state representation, and it also shows a variable role swap by considering the cards as distinct or not distinct. The reasoning later recovers to a consistent state but with a moderate break in the active coding state.",spec_state_drift|variable_role_swap|branch_entanglement,3,1,1,1,0,0,0
coding,livecodebench_v5,livecodebench_v5-43,livecodebench_v5:livecodebench_v5-43,39,0,1,15619,100920,yes,1,2,spec_then_patch,simulate_then_patch,3,recovered_break,yes,medium,"The state representation: T_state: tuple of length = len(D), where the i-th element is the count of D[i] in Takahashi's hand. Then, the DFS function: def dfs(T_state, A_state, turn): T_state and A_state are tuples of integers (same length as D) ...","The reasoning drifts between the state representation and the DFS function, swapping roles of T_state and A_state and later dropping the invariant that the state should represent the counts of cards in Takahashi's and Aoki's hands.",variable_role_swap|branch_entanglement|invariant_drop,3,0,1,1,0,0,1
coding,livecodebench_v5,livecodebench_v5-43,livecodebench_v5:livecodebench_v5-43,56,0,1,15606,123113,yes,1,2,spec_then_patch,simulate_then_patch,3,recovered_break,yes,medium,"We can use DFS (depth-first search) with memoization to simulate the game. The state will be represented by: (takahashi_hand, aoki_hand): where the table is the entire deck minus these two hands. However, the entire deck is fixed. We can precompute the entire deck from the input. But note: the entire deck is the input: first N numbers, then M, then L. So the entire set is the multiset of these numbers? Actually, note that the input says 'cards' with numbers. Are there duplicates? The constraints say integers, and the input has integers. The problem does not explicitly say that numbers are distinct, but note the sample: Sample Input 1: 1 1 2 2 4 1 3 Here the numbers are distinct. But the problem does not say they are distinct. However, the constraints say '1<=A_i, B_i, C_i <=10^9', and integers, but duplicates are allowed. However, the state representation: we must account for duplicates. We cannot use sets if duplicates are allowed. We need to use multi...","The model's reasoning shows a shift in the active specification from the initial state representation to accounting for duplicates and then back to the initial state representation, indicating a spec state drift. There is also a variable role swap with the 'distinct_nums' variable and a branch entanglement where the model applies actions from one branch without closing the previous one.",spec_state_drift|variable_role_swap|branch_entanglement,3,1,1,1,0,0,0
coding,livecodebench_v5,livecodebench_v5-55,livecodebench_v5:livecodebench_v5-55,26,0,1,15618,33145,no,0,0,spec_then_patch,spec_then_patch,0,stable,yes,high,,The reasoning provided is consistent and follows a logical path without any breaks in the active coding state.,none,0,0,0,0,0,0,0
coding,livecodebench_v5,livecodebench_v5-55,livecodebench_v5:livecodebench_v5-55,50,1,1,10335,10335,yes,1,2,spec_then_patch,simulate_then_patch,3,recovered_break,yes,medium,"The boxes that originally did not have a cookie are always empty. Then, from the total_cookies boxes, we remove D (so we make D of them empty). Therefore, the total empty boxes are (N - total_cookies) + D.","The model's reasoning drifts from the initial specification of counting empty boxes to a new specification of counting boxes that become empty after removing cookies. This leads to a variable role swap where 'total_cookies' is reused with a different semantic role. Additionally, an invariant is dropped by not considering that the boxes that originally did not have a cookie are always empty, which was part of the initial specification.",spec_state_drift|variable_role_swap|invariant_drop,3,1,1,0,0,0,1
coding,livecodebench_v5,livecodebench_v5-55,livecodebench_v5:livecodebench_v5-55,54,0,1,5392,5392,no,0,0,spec_then_patch,spec_then_patch,0,stable,yes,high,,The reasoning provided is consistent and maintains a stable focus on the problem specification and the variables involved.,none,0,0,0,0,0,0,0
coding,livecodebench_v5,livecodebench_v5-55,livecodebench_v5:livecodebench_v5-55,59,0,1,15607,48397,yes,1,2,spec_then_patch,simulate_then_patch,3,recovered_break,yes,medium,"The cookies are in the boxes. Each day, he chooses a box that currently has a cookie and eats one cookie from it. And a box has at most one cookie initially. And once eaten, it has none. Therefore, he cannot eat from a box twice.","The model's reasoning drifts from the initial problem specification, redefining the problem's constraints and the role of variables without acknowledging the change. This leads to an invariant drop and a variable role swap, which are later corrected but not without confusion.",spec_state_drift|variable_role_swap|invariant_drop,3,1,1,0,0,0,1
coding,livecodebench_v5,livecodebench_v5-67,livecodebench_v5:livecodebench_v5-67,17,1,1,15619,59810,yes,1,2,mixed,spec_then_patch,3,recovered_break,yes,medium,"But note: We can precompute the sorted arrays for A and B. However, note that we are not summing over all pairs, but over the first X_k elements of A and the first Y_k elements of B. But wait: The problem does not specify that the sequences A and B are sorted. We have two sequences A and B, and the first X_k elements of A (meaning the first X_k in the order given) and the first Y_k elements of B (in the given order). However, note that the problem does not say that the sequences are sorted by the absolute difference. So we cannot assume we can sort arbitrarily.","The model initially assumes that the sequences A and B are sorted and can be precomputed, but later acknowledges that this assumption is incorrect. This leads to a spec state drift and variable role swap as the model tries to adjust its approach without immediately correcting the initial assumption.",spec_state_drift|variable_role_swap|branch_entanglement,3,1,1,1,0,0,0
coding,livecodebench_v5,livecodebench_v5-67,livecodebench_v5:livecodebench_v5-67,21,0,1,15618,62493,yes,1,2,symbol_binding,simulate_then_patch,2,recovered_break,yes,medium,"We can precompute for the entire B array and then use a two-dimensional data structure, but that is not trivial.","The model initially considered a two-dimensional data structure for precomputing the entire B array but later realized the complexity. It then attempted to use a Fenwick tree, but the variable roles and branch states were not clearly defined, leading to confusion.",variable_role_swap|branch_entanglement,2,0,1,1,0,0,0
coding,livecodebench_v5,livecodebench_v5-67,livecodebench_v5:livecodebench_v5-67,33,0,1,15620,59907,yes,1,2,mixed,simulate_then_patch,3,recovered_break,yes,medium,"We can separate the terms:
  = sum_{i} sum_{j} (A_i - B_j) * I_{A_i>=B_j} + sum_{i} sum_{j} (B_j - A_i) * I_{A_i<B_j}
But note, we can also write:
  = sum_{i} [ (A_i + B_j) * I_{A_i>=B_j} - (A_i + B_j) * I_{A_i<B_j} ]
But that doesn't help.","The model's reasoning shows a drift in the specification, swapping variable roles, and dropping an invariant. The model attempts to recover by rederiving the expression but does not immediately stabilize to a consistent algorithmic interpretation.",spec_state_drift|variable_role_swap|invariant_drop,3,1,1,0,0,0,1
coding,livecodebench_v5,livecodebench_v5-67,livecodebench_v5:livecodebench_v5-67,39,1,1,15619,52089,yes,1,2,mixed,simulate_then_patch,3,recovered_break,yes,medium,"We can split the absolute value:
   |a_i - b_j| = 
        { a_i - b_j    if a_i >= b_j
        { b_j - a_i    if a_i < b_j

So, the total sum for a fixed (x, y) is:
   Sum_{i=1}^{x} Sum_{j=1}^{y} |A_i-B_j|","The model's reasoning shows a drift in the specification state, swapping variable roles, and entanglement in branches due to the complexity of handling absolute values and summing over multiple dimensions. The model attempts to recover by revisiting the problem multiple times, indicating a break in the active coding state.",spec_state_drift|variable_role_swap|branch_entanglement,3,1,1,1,0,0,0
coding,livecodebench_v5,livecodebench_v5-88,livecodebench_v5:livecodebench_v5-88,4,0,1,15619,50200,yes,1,2,subgoal_frame,spec_then_patch,1,recovered_break,yes,medium,"We can consider each pair of indices (i, j) with i < j and count how many subsequences of the prefix up to j (actually up to m, but we are building for m from 1 to N) have the consecutive elements (A_i, A_j) and then use the gcd(A_i, A_j) for that edge.","The model's reasoning initially focuses on the pair of indices (i, j) but later shifts to the prefix up to j, which introduces a variable role swap and loop state forgetting. The model later acknowledges the shift and corrects the state.",variable_role_swap|loop_state_forgetting,2,0,1,0,1,0,0
coding,livecodebench_v5,livecodebench_v5-88,livecodebench_v5:livecodebench_v5-88,20,1,1,15619,66150,yes,1,2,symbol_binding,spec_then_patch,1,recovered_break,yes,medium,"Then, the gcd(A_i, A_j) is counted in the score of a subsequence if and only if: 1. The subsequence contains A_i and A_j. 2. The subsequence does not include any element from indices i+1 to j-1. 3. Additionally, the subsequence must be such that A_i and A_j are consecutive in the subsequence. But note that the elements chosen before i and after j don't affect the consecutive property between A_i and A_j.","The model's reasoning introduces a variable role swap by discussing the subsequence's elements and then stating that the elements chosen before i and after j don't affect the consecutive property between A_i and A_j, which is an invariant drop. The model later recovers by clarifying the invariant but the initial confusion indicates a moderate break in the active coding state.",variable_role_swap|invariant_drop,2,0,1,0,0,0,1
coding,livecodebench_v5,livecodebench_v5-88,livecodebench_v5:livecodebench_v5-88,48,0,1,15618,71833,yes,1,2,spec_then_patch,spec_then_patch,3,recovered_break,yes,medium,"Wait, the subsequence doesn't have to be contiguous, but if we have elements at positions i and j, then for them to be consecutive in the subsequence, we cannot have any element from the original array between i and j in the subsequence. So, the elements strictly between i and j must not be chosen.","The model's reasoning shows a shift in the specification of the subsequence, a change in the role of the variables i and j, and an entanglement of branches without closing the first. These issues were later corrected, but the instability was present for a significant part of the reasoning.",spec_state_drift|variable_role_swap|branch_entanglement,3,1,1,1,0,0,0
coding,livecodebench_v5,livecodebench_v5-88,livecodebench_v5:livecodebench_v5-88,49,1,1,15609,47930,yes,1,2,symbol_binding,simulate_then_patch,2,recovered_break,yes,medium,"For each j, for each divisor d of x, B[j] = (B[j] + phi[d] * sum2[d]) % mod","The model initially binds the variable 'j' to the index of the current element in the sequence A. However, later in the process, 'j' is used to index the sum2 array, which is not consistent with its initial role. Additionally, the invariant that the sum2 array should only be updated with indices less than 'j' is dropped when updating the B array.",variable_role_swap|invariant_drop,2,0,1,0,0,0,1
