domain,dataset,problem_id,problem_key,run_index,is_correct,parse_ok,think_chars,think_total_chars,knot_present,knot_present_bin,knot_severity,primary_trigger,trace_strategy,reversal_count,state_consistency,recovers_later,annotator_confidence,knot_quote,open_diagnosis,knot_symptoms,knot_count,sym_entity_binding_drift,sym_mechanism_frame_swap,sym_constraint_mismatch,sym_evidence_misread,sym_unit_scale_slip,sym_repair_without_recovery
science,gpqa,gpqa-13,gpqa:gpqa-13,11,0,1,12010,12010,yes,1,2,mechanism_frame_swap,mechanism_tracing,1,recovered_break,yes,medium,"Transcription factors often bind to specific DNA sequences, but their binding can be influenced by the chromatin environment. Some binding sites might be more transient or require certain fixation conditions to stabilize.",The model shifts from discussing the general influence of chromatin environment on transcription factor binding to a specific mechanism of transient binding sites requiring certain fixation conditions without a clear transition or explanation of why this specific mechanism is relevant to the observed peaks disappearing.,mechanism_frame_swap|constraint_mismatch|repair_without_recovery,3,0,1,1,0,0,1
science,gpqa,gpqa-13,gpqa:gpqa-13,21,1,1,11971,11971,yes,1,2,mechanism_frame_swap,symbolic_manipulation,1,recovered_break,yes,medium,"PFA is paraformaldehyde, which is used for fixation, and DSG – perhaps it's diglycine sulfate or something, but I think in this context, it's likely that DSG is formaldehyde, because the question says 'PFA+DSG fixation,' and it's about fixation methods.","The model switches between different interpretations of DSG, leading to a mechanism frame swap and a constraint mismatch, which is later corrected but without a clear resolution of the initial confusion.",mechanism_frame_swap|constraint_mismatch|repair_without_recovery,3,0,1,1,0,0,1
science,gpqa,gpqa-13,gpqa:gpqa-13,48,0,1,12723,12723,yes,1,2,symbol_binding,mechanism_tracing,1,minor_slip,yes,medium,"PFA fixation cross-links proteins to DNA, which is good for preserving protein-DNA interactions for ChIP. But sometimes, certain fixations might not preserve some interactions well.","The model switches between different mechanisms of protein-DNA interaction preservation without clearly acknowledging the change, leading to a minor slip in the mechanism frame. It also misreads the evidence about the effects of PFA fixation, suggesting a constraint mismatch.",mechanism_frame_swap|constraint_mismatch|evidence_misread,3,0,1,1,1,0,0
science,gpqa,gpqa-13,gpqa:gpqa-13,49,1,1,11973,11973,yes,1,2,mechanism_frame_swap,mechanism_tracing,1,recovered_break,yes,medium,PFA is good for preserving antigenicity and is often used in ChIP. But perhaps DSG fixation alters the cross-linking or the stability of protein-DNA complexes.,"The model switches frames from discussing the general properties of PFA fixation to speculating about the effects of DSG fixation without a clear mechanism or constraint, leading to a temporary loss of state consistency. This is later corrected but indicates a break in the reasoning process.",mechanism_frame_swap|constraint_mismatch|repair_without_recovery,3,0,1,1,0,0,1
science,gpqa,gpqa-146,gpqa:gpqa-146,45,1,1,15214,15214,yes,1,2,mechanism_frame_swap,mechanism_tracing,1,recovered_break,yes,medium,"The antiproton is slowly moving, so let's assume its velocity is small, so initial kinetic energy is small. But to conserve momentum, since initial momentum is small, the final particles must have small total momentum as well.","The model switches frames from considering the antiproton's velocity to conserving momentum without acknowledging the change, leading to a mismatch in the conservation of energy and momentum. The model later corrects this by considering the center of mass frame, but the initial instability remains.",mechanism_frame_swap|constraint_mismatch|repair_without_recovery,3,0,1,1,0,0,1
science,gpqa,gpqa-146,gpqa:gpqa-146,47,1,1,15621,24297,yes,1,2,constraint_tracking,mechanism_tracing,1,recovered_break,yes,medium,"The antiproton is slowly moving, so its total energy E_p = γ m_p c^2, with γ ≈ 1, so E_p ≈ 938 MeV.","The model initially assumes the antiproton is at rest for simplicity, which leads to a mismatch in energy conservation. It later corrects this assumption but does not acknowledge the initial mismatch, leading to a minor break in the scientific reasoning.",constraint_mismatch|repair_without_recovery,2,0,0,1,0,0,1
science,gpqa,gpqa-146,gpqa:gpqa-146,51,1,1,15618,20757,yes,1,2,constraint_tracking,symbolic_manipulation,1,recovered_break,yes,medium,"The total energy E_cm, so each has energy E_A = E_cm / 4","The model incorrectly assumes that the total energy in the center of mass frame can be evenly divided among the four particles without considering the conservation of momentum. This assumption is later corrected, but the initial mismatch in reasoning leads to a temporary inconsistency.",constraint_mismatch|repair_without_recovery,2,0,0,1,0,0,1
science,gpqa,gpqa-146,gpqa:gpqa-146,57,0,1,15619,27744,yes,1,2,constraint_tracking,mechanism_tracing,1,recovered_break,yes,medium,"The antiproton is slowly moving, so I can assume that in the center of mass frame, since it's slow, the total energy might be dominated by the rest mass.","The model initially assumes the total energy is dominated by rest mass in the center of mass frame due to the antiproton's slow movement. However, this assumption is later contradicted by the need to consider relativistic effects and the specific energy conditions of the reaction.",constraint_mismatch|evidence_misread|unit_scale_slip,3,0,0,1,1,1,0
science,gpqa,gpqa-148,gpqa:gpqa-148,4,1,1,9539,9539,yes,1,2,mechanism_frame_swap,mechanism_tracing,1,recovered_break,yes,medium,"The mass spectrum is the same, so the molecular formula is the same for both peaks in LC-MS.","The model switches from considering the mass spectrum as evidence for the same molecular formula to a mechanism frame that suggests the mass spectrum is the same because the molecular formula is the same, without acknowledging the potential for different molecular formulas to have the same mass spectrum.",mechanism_frame_swap|evidence_misread,2,0,1,0,1,0,0
science,gpqa,gpqa-148,gpqa:gpqa-148,14,0,1,15497,17351,yes,1,2,symbol_binding,mechanism_tracing,1,recovered_break,yes,medium,"In NMR, for a single proton, if it's exchanging or something, but usually, alpha-protons can be equivalent or not.","The model's reasoning about the alpha-proton's equivalence is inconsistent with its later discussion of diastereotopicity, leading to a confusion in the mechanism frame and constraint use.",entity_binding_drift|mechanism_frame_swap|constraint_mismatch|evidence_misread,4,1,1,1,1,0,0
science,gpqa,gpqa-148,gpqa:gpqa-148,28,1,1,10601,10601,yes,1,2,symbol_binding,symbolic_manipulation,1,recovered_break,yes,medium,"Enantiomers are also stereoisomers. But enantiomers don't show different NMR. Unless the molecule is prochiral or something, but.","The model incorrectly switches between the concepts of enantiomers and diastereomers without clarifying their distinct characteristics, leading to confusion in reasoning.",entity_binding_drift|mechanism_frame_swap|repair_without_recovery,3,1,1,0,0,0,1
science,gpqa,gpqa-148,gpqa:gpqa-148,31,1,1,8516,8516,yes,1,2,mechanism_frame_swap,mechanism_tracing,1,recovered_break,yes,medium,"Enantiomers have identical NMR spectra in the absence of a chiral shift reagent or chiral solvent. But in chiral environment, like LC, they can separate.","The model switches frames from NMR to LC without acknowledging the change, leading to a misinterpretation of enantiomer behavior. The constraint of a chiral environment is not consistently applied across the reasoning.",mechanism_frame_swap|constraint_mismatch|evidence_misread,3,0,1,1,1,0,0
science,gpqa,gpqa-22,gpqa:gpqa-22,22,1,1,15621,37624,yes,1,2,subgoal_frame,mechanism_tracing,1,recovered_break,yes,medium,Perhaps the ether undergoes electrophilic addition or cleavage.,"The model switches between considering electrophilic addition and cleavage as the mechanism without resolving which is the correct one, leading to an unstable mechanism frame.",mechanism_frame_swap|repair_without_recovery,2,0,1,0,0,0,1
science,gpqa,gpqa-22,gpqa:gpqa-22,30,0,1,15619,38123,yes,1,2,mechanism_frame_swap,mechanism_tracing,1,recovered_break,yes,medium,"Perhaps the ether is not cleaved, and substitution occurs. So, for the phenyl ring, electrophilic substitution with Br2 or Br+ from HBr. But in HBr, it might not be the best for substitution.","The model switches between considering ether cleavage and electrophilic substitution without resolving the inconsistency, leading to a temporary loss of mechanism frame control.",mechanism_frame_swap|repair_without_recovery,2,0,1,0,0,0,1
science,gpqa,gpqa-22,gpqa:gpqa-22,39,0,1,15620,34034,yes,1,2,mechanism_frame_swap,mechanism_tracing,1,recovered_break,yes,medium,Perhaps it's an intramolecular reaction or something.,"The model switches between different mechanisms without clearly closing the previous frame, leading to an unstable reasoning process.",mechanism_frame_swap|repair_without_recovery,2,0,1,0,0,0,1
science,gpqa,gpqa-22,gpqa:gpqa-22,56,0,1,15619,36226,yes,1,2,subgoal_frame,mechanism_tracing,1,recovered_break,yes,medium,"After H+ adds to C4, carbocation on C3, which is tertiary, then Br- adds, so product is Ph-O-CH2-C(CH3)2-CHBr-CH3.","The model switches from a Markovnikov addition mechanism to a non-Markovnikov addition without acknowledging the change, leading to an inconsistency in the product structure. This is later corrected, but the initial confusion indicates a mechanism frame swap and a repair without recovery.",mechanism_frame_swap|repair_without_recovery,2,0,1,0,0,0,1
science,gpqa,gpqa-24,gpqa:gpqa-24,11,1,1,15620,30496,yes,1,2,subgoal_frame,mechanism_tracing,1,recovered_break,yes,medium,"I think this might be the Claisen rearrangement or something similar. Claisen rearrangement is a [3,3]-sigmatropic rearrangement that can give spiro ketones.","The model switches between different mechanisms (Claisen rearrangement, Smiles rearrangement, Favorskii rearrangement, Bisch reaction) without resolving which is correct, leading to a temporary loss of the active mechanism frame.",mechanism_frame_swap|repair_without_recovery,2,0,1,0,0,0,1
science,gpqa,gpqa-24,gpqa:gpqa-24,27,0,1,15621,36559,yes,1,2,subgoal_frame,mechanism_tracing,1,recovered_break,yes,medium,I think the common way to make spiro ketones is from aldol condensation.,"The model switches between considering aldol condensation as the common way to make spiro ketones and then later revisiting other possibilities without acknowledging the change, leading to a temporary loss of mechanism frame consistency.",mechanism_frame_swap|repair_without_recovery,2,0,1,0,0,0,1
science,gpqa,gpqa-24,gpqa:gpqa-24,54,0,1,15618,37859,yes,1,2,mechanism_frame_swap,mechanism_tracing,1,recovered_break,yes,medium,"I think this might be the Smiles rearrangement, but with H2SO4? No, Smiles uses a sulfone.","The model switches between the Smiles rearrangement and other mechanisms without resolving the inconsistency, leading to a temporary loss of a stable mechanism frame.",mechanism_frame_swap|repair_without_recovery,2,0,1,0,0,0,1
science,gpqa,gpqa-24,gpqa:gpqa-24,59,0,1,15621,29816,yes,1,2,subgoal_frame,symbolic_manipulation,1,recovered_break,yes,medium,"I should recall what these name reactions might be. The first one produces a spiroketal, which is a type of lactol or cyclic acetal. Spiro[4.5]decanone with dimethyl substituents suggests a specific reaction.","The model shifts between different mechanisms for the formation of spiroketones without clearly resolving the inconsistency, leading to a temporary loss of the active scientific state.",mechanism_frame_swap|repair_without_recovery,2,0,1,0,0,0,1
science,gpqa,gpqa-94,gpqa:gpqa-94,13,1,1,15618,47157,yes,1,2,subgoal_frame,symbolic_manipulation,1,recovered_break,yes,medium,Perhaps it's the generation of a ketone enolate or something.,"The model switches from considering the typical epoxidation mechanism to a less common ketone enolate formation without a clear explanation or justification, leading to a mechanism frame swap. This is followed by a constraint mismatch when considering the reactivity of methyllithium and copper(I) iodide, and the model fails to recover a consistent mechanism for the reaction.",mechanism_frame_swap|constraint_mismatch|repair_without_recovery,3,0,1,1,0,0,1
science,gpqa,gpqa-94,gpqa:gpqa-94,14,0,1,15620,38138,yes,1,2,mechanism_frame_swap,mechanism_tracing,1,recovered_break,yes,medium,"Perhaps the product is a diol if both double bonds are affected, but probably not. Another way: perhaps in the first reaction, m-CPBA epoxidizes the double bond, but in enones, sometimes it can do Baeyer-Villiger or something, but m-CPBA is for epoxidation.","The model shifts between reasoning about the expected epoxidation mechanism and considering an alternative reaction (Baeyer-Villiger), without resolving the inconsistency.",mechanism_frame_swap|repair_without_recovery,2,0,1,0,0,0,1
science,gpqa,gpqa-94,gpqa:gpqa-94,30,0,1,15616,45960,yes,1,2,mechanism_frame_swap,mechanism_tracing,1,recovered_break,yes,medium,"Upon second thought, methyllithium and CuI is used for the hydrolysis of epoxides or something. Actually, I think it's a method to open epoxides with methanol or something, but here it's methyllithium, which is a source of methylene, but I think with CuI, it can conver","The model switches between different mechanisms for the reaction of methyllithium with copper(I) iodide, leading to confusion and a lack of consistency in the reasoning.",mechanism_frame_swap|repair_without_recovery,2,0,1,0,0,0,1
science,gpqa,gpqa-94,gpqa:gpqa-94,32,1,1,15618,61588,yes,1,2,mechanism_frame_swap,mechanism_tracing,1,recovered_break,yes,medium,"For example, in propylene oxide, the epoxide is on C1-C2, C1 is CH2, C2 is CH-.","The model switches between different mechanisms for epoxide opening without clearly closing the previous frame, leading to confusion in the reasoning.",mechanism_frame_swap|repair_without_recovery,2,0,1,0,0,0,1
