problem_key,run_index,is_correct,think_chars,knot_present,knot_present_bin,knot_severity,primary_trigger,trace_strategy,reversal_count,state_consistency,knot_quote,open_diagnosis,parse_error,sym_explicit_claim_reversal,sym_framework_collision,sym_formula_scope_violation,sym_irreparable_regression
gpqa:gpqa-109,4,0,15618,no,0,0,none,case_elimination,0,stable,,"The trace does not contain any explicit, unresolved contradictions between concrete claims about the same entity.",,0,0,0,0
gpqa:gpqa-109,8,1,15421,no,0,0,none,case_elimination,0,stable,,"The trace does not contain any explicit, unresolved contradictions between concrete claims about the same entity.",,0,0,0,0
gpqa:gpqa-109,30,1,15619,no,0,0,none,case_elimination,0,stable,,"The trace does not contain any explicit, unresolved contradictions between concrete claims about the same entity.",,0,0,0,0
gpqa:gpqa-109,47,1,11374,no,0,0,none,case_elimination,0,stable,,"The trace does not contain any explicit, unresolved contradictions between concrete claims about the same entity.",,0,0,0,0
gpqa:gpqa-112,38,1,15620,yes,1,3,formula_precondition,formula_derivation,0,self_contradictory,"Carboxylic acid has COOH, so two O atoms. So for C6H10O, it has one oxygen, so it can't be carboxylic acid, because carboxylic acid would be C6H10O2 or something.","The trace claims that a carboxylic acid must have two oxygen atoms, but then contradicts this by suggesting that C6H10O, which has only one oxygen, could be a carboxylic acid. This creates a self-contradictory situation.",,1,0,1,0
gpqa:gpqa-112,44,1,15621,no,0,0,none,case_elimination,0,stable,,"The trace does not contain any explicit, unresolved contradictions between concrete claims about the same entity.",,0,0,0,0
gpqa:gpqa-112,49,1,15195,no,0,0,none,mechanism_tracing,0,stable,,"The trace does not contain any explicit, unresolved contradictions between concrete claims about the same entity.",,0,0,0,0
gpqa:gpqa-112,60,0,15620,no,0,0,none,formula_derivation,0,stable,,"The trace does not contain any explicit, unresolved contradictions.",,0,0,0,0
gpqa:gpqa-116,33,1,15620,no,0,0,none,mechanism_tracing,0,stable,,"The model's reasoning does not contain explicit, unresolved contradictions. It explores various possibilities and revisits them, but always maintains a consistent line of reasoning without making incompatible claims about the same entity.",,0,0,0,0
gpqa:gpqa-116,49,0,15619,no,0,0,none,mechanism_tracing,0,stable,,"The trace does not contain any explicit, unresolved contradictions between concrete claims about the same entity.",,0,0,0,0
gpqa:gpqa-116,50,1,15621,no,0,0,none,mechanism_tracing,0,stable,,"The trace does not contain any explicit, unresolved contradictions between concrete claims about the same entity.",,0,0,0,0
gpqa:gpqa-116,54,1,15621,no,0,0,none,mechanism_tracing,0,stable,,"The trace does not contain any explicit, unresolved contradictions between concrete claims about the same entity.",,0,0,0,0
gpqa:gpqa-123,3,1,13508,no,0,0,none,formula_derivation,0,stable,,"The trace does not contain any explicit, unresolved contradictions between concrete claims about the same entity.",,0,0,0,0
gpqa:gpqa-123,20,0,15619,no,0,0,none,formula_derivation,0,stable,,"The trace does not contain any explicit, unresolved contradictions between concrete claims about the same entity.",,0,0,0,0
gpqa:gpqa-123,21,1,15618,no,0,0,none,formula_derivation,0,stable,,"The trace does not contain any explicit, unresolved contradictions. The model's reasoning is consistent and follows a logical derivation of the Lorentz factor.",,0,0,0,0
gpqa:gpqa-123,51,1,14934,no,0,0,none,formula_derivation,0,stable,,"The trace does not contain any explicit, unresolved contradictions. The model's reasoning is consistent and follows a logical derivation of the Lorentz factor needed for the particles to reach the detector inner walls.",,0,0,0,0
gpqa:gpqa-128,41,1,15619,yes,1,2,framework_boundary,mechanism_tracing,0,self_contradictory,"Wittig converts carbonyl to alkene, so the carbonyl carbon becomes the alkene carbon. In this case, the alkene is 4-(propan-2-ylidene), so the carbonyl in A was likely at C4 or something. But in cyclopentane, all carbons are equivalent, but with substituents. Perhaps A is 2,2-dimethylcyclopentanone or something. But the Wittig product is cyclopentane, so contradiction.","The model's reasoning contradicts itself by stating that A must have a carbonyl at C4 for the Wittig product, but then claims that all carbons in cyclopentane are equivalent, leading to a contradiction in the structure of A.",,0,1,0,1
gpqa:gpqa-128,46,0,15619,no,0,0,none,mechanism_tracing,0,stable,,"The trace does not contain any explicit, unresolved contradictions between concrete claims about the same entity.",,0,0,0,0
gpqa:gpqa-128,54,1,15618,no,0,0,none,mechanism_tracing,0,stable,,"The trace does not contain any explicit, unresolved contradictions between concrete claims about the same entity.",,0,0,0,0
gpqa:gpqa-128,55,0,15620,no,0,0,none,mechanism_tracing,0,stable,,"The trace does not contain any explicit, unresolved contradictions between concrete claims about the same entity.",,0,0,0,0
gpqa:gpqa-134,4,1,15620,no,0,0,none,mechanism_tracing,0,stable,,"The trace does not contain any explicit, unresolved contradictions between concrete claims about the same entity.",,0,0,0,0
gpqa:gpqa-134,16,0,15620,no,0,0,none,mechanism_tracing,0,stable,,"The trace does not contain any explicit, unresolved contradictions between concrete claims about the same entity.",,0,0,0,0
gpqa:gpqa-134,26,1,15350,no,0,0,none,mechanism_tracing,0,stable,,"The trace does not contain any explicit, unresolved contradictions between concrete claims about the same entity.",,0,0,0,0
gpqa:gpqa-134,43,1,15620,no,0,0,none,mechanism_tracing,0,stable,,"The trace does not contain any explicit, unresolved contradictions between concrete claims about the same entity.",,0,0,0,0
gpqa:gpqa-135,32,1,8902,no,0,0,none,mechanism_tracing,0,stable,,"The trace does not contain any explicit, unresolved contradictions between concrete claims about the same entity.",,0,0,0,0
gpqa:gpqa-135,35,1,15617,yes,1,3,regression_loop,formula_derivation,4,self_contradictory,The volume integral ∫∫∫_V ∇ · f dV = ∫_0^R dr ∫_0^π ∫_0^{2π} 0 * r^2 sinθ dr dθ dφ = 0. But earlier divergence theorem gives 4π.,"The trace repeatedly calculates the volume integral of the divergence of the field as zero, but the divergence theorem indicates it should be 4π, creating a persistent contradiction that is never resolved.",,0,0,0,1
gpqa:gpqa-135,59,1,14884,yes,1,3,formula_precondition,formula_derivation,0,self_contradictory,"So, ∇ · f = 0 for r ≠ 0, but the volume integral is ∫∫∫_V 0 dV = 0, but surface integral is ∫∫_S (1/r^2) dA at r=R, so (1/R^2) * 4π R^2 = 4π. So 0 = 4π?","The model calculates the divergence of the field to be zero everywhere except at the origin, which is a singularity. However, the surface integral over a sphere of radius R yields a non-zero value (4π). The model is unable to reconcile these two findings, leading to a contradiction.",,0,0,0,0
gpqa:gpqa-135,60,0,15486,yes,1,3,formula_precondition,mechanism_tracing,0,self_contradictory,"The volume integral is zero. But for a point charge, it's not.","The trace claims the volume integral of the divergence is zero due to the singularity at the origin, but then contradicts this by stating that for a point charge, the volume integral is not zero.",,0,0,0,0
gpqa:gpqa-138,4,0,15621,no,0,0,none,mechanism_tracing,0,stable,,"The trace does not contain any explicit, unresolved contradictions between concrete claims about the same entity.",,0,0,0,0
gpqa:gpqa-138,8,0,15619,no,0,0,none,mechanism_tracing,0,stable,,"The trace does not contain any explicit, unresolved contradictions between concrete claims about the same entity.",,0,0,0,0
gpqa:gpqa-138,30,0,15621,no,0,0,none,mechanism_tracing,0,stable,,"The trace does not contain any explicit, unresolved contradictions between concrete claims about the same entity.",,0,0,0,0
gpqa:gpqa-138,40,1,15620,no,0,0,none,mechanism_tracing,0,stable,,"The trace does not contain any explicit, unresolved contradictions between concrete claims about the same entity.",,0,0,0,0
gpqa:gpqa-13,8,0,12177,no,0,0,none,mechanism_tracing,0,stable,,"The trace does not contain any explicit, unresolved contradictions between concrete claims about the same entity.",,0,0,0,0
gpqa:gpqa-13,19,1,14766,no,0,0,none,mechanism_tracing,0,stable,,"The trace does not contain any explicit, unresolved contradictions between concrete claims about the same entity.",,0,0,0,0
gpqa:gpqa-13,43,0,10247,no,0,0,none,mechanism_tracing,0,stable,,"The trace does not contain any explicit, unresolved contradictions between concrete claims about the same entity.",,0,0,0,0
gpqa:gpqa-13,62,1,8934,no,0,0,none,mechanism_tracing,0,stable,,"The trace does not contain any explicit, unresolved contradictions between concrete claims about the same entity.",,0,0,0,0
gpqa:gpqa-144,29,0,15620,no,0,0,none,mechanism_tracing,0,stable,,"The trace does not contain any explicit, unresolved contradictions.",,0,0,0,0
gpqa:gpqa-144,51,1,15620,no,0,0,none,mechanism_tracing,0,stable,,"The trace does not contain any explicit, unresolved contradictions.",,0,0,0,0
gpqa:gpqa-144,52,0,15620,no,0,0,none,mechanism_tracing,0,stable,,"The trace does not contain any explicit, unresolved contradictions.",,0,0,0,0
gpqa:gpqa-144,59,1,15619,no,0,0,none,mechanism_tracing,0,stable,,"The trace does not contain any explicit, unresolved contradictions between concrete claims about the same entity.",,0,0,0,0
gpqa:gpqa-146,36,1,15619,no,0,0,none,mechanism_tracing,0,stable,,"The trace does not contain any explicit, unresolved contradictions between concrete claims about the same entity.",,0,0,0,0
gpqa:gpqa-146,41,1,15621,no,0,0,none,mechanism_tracing,0,stable,,"The trace does not contain any explicit, unresolved contradictions between concrete claims about the same entity.",,0,0,0,0
gpqa:gpqa-146,52,1,15620,no,0,0,none,mechanism_tracing,0,stable,,"The trace does not contain any explicit, unresolved contradictions between concrete claims about the same entity.",,0,0,0,0
gpqa:gpqa-146,57,0,15619,no,0,0,none,mechanism_tracing,0,stable,,"The trace does not contain any explicit, unresolved contradictions between concrete claims about the same entity.",,0,0,0,0
gpqa:gpqa-148,14,0,15497,no,0,0,none,mechanism_tracing,0,stable,,"The trace does not contain any explicit, unresolved contradictions between concrete claims about the same entity.",,0,0,0,0
gpqa:gpqa-148,33,1,14943,no,0,0,none,case_elimination,0,stable,,"The trace does not contain any explicit, unresolved contradictions between concrete claims about the same entity.",,0,0,0,0
gpqa:gpqa-148,37,1,12388,no,0,0,none,mechanism_tracing,0,stable,,"The trace does not contain any explicit, unresolved contradictions between concrete claims about the same entity.",,0,0,0,0
gpqa:gpqa-148,56,1,9127,no,0,0,none,case_elimination,0,stable,,"The reasoning provided does not contain any explicit, unresolved contradictions between concrete claims about the same entity.",,0,0,0,0
gpqa:gpqa-152,17,0,15619,no,0,0,none,mechanism_tracing,0,stable,,"The trace does not contain any explicit, unresolved contradictions between concrete claims about the same entity.",,0,0,0,0
gpqa:gpqa-152,19,1,15620,no,0,0,none,mechanism_tracing,0,stable,,"The trace does not contain any explicit, unresolved contradictions between concrete claims about the same entity.",,0,0,0,0
gpqa:gpqa-152,20,0,15620,no,0,0,none,mechanism_tracing,0,stable,,"The trace does not contain any explicit, unresolved contradictions between concrete claims about the same entity.",,0,0,0,0
gpqa:gpqa-152,64,1,15620,no,0,0,none,mechanism_tracing,0,stable,,"The trace does not contain any explicit, unresolved contradictions between concrete claims about the same entity.",,0,0,0,0
gpqa:gpqa-158,3,0,15621,no,0,0,none,mechanism_tracing,0,stable,,"The trace does not contain any explicit, unresolved contradictions between concrete claims about the same entity.",,0,0,0,0
gpqa:gpqa-158,27,0,15619,no,0,0,none,mechanism_tracing,0,stable,,"The model's reasoning does not contain explicit, unresolved contradictions. It explores various possibilities and assumptions but does not commit to incompatible claims about the same entity without reconciliation.",,0,0,0,0
gpqa:gpqa-158,43,1,15619,no,0,0,none,mechanism_tracing,0,stable,,"The trace does not contain any explicit, unresolved contradictions between concrete claims about the same entity.",,0,0,0,0
gpqa:gpqa-158,64,1,15619,no,0,0,none,mechanism_tracing,0,stable,,"The trace does not contain any explicit, unresolved contradictions between concrete claims about the same entity.",,0,0,0,0
gpqa:gpqa-163,7,0,15619,no,0,0,none,formula_derivation,0,stable,,"The trace does not contain any explicit, unresolved contradictions between concrete claims about the same entity.",,0,0,0,0
gpqa:gpqa-163,19,0,15621,no,0,0,none,formula_derivation,0,stable,,"The trace does not contain any explicit, unresolved contradictions between concrete claims about the same entity.",,0,0,0,0
gpqa:gpqa-163,35,1,15620,no,0,0,none,formula_derivation,0,stable,,"The trace does not contain any explicit, unresolved contradictions between concrete claims about the same entity.",,0,0,0,0
gpqa:gpqa-163,36,1,15619,yes,1,3,regression_loop,mechanism_tracing,4,lost_state,"K2 / K'2 = 0.5 = 0.8333 * 0.7937 * (M_total2 / M_total1)^{1/3} 
So (M_total2 / M_total1)^{1/3} = 0.5 / 0.6613 ≈ 0.7558 
M_total2 / M_total1 = 0.7558^3 ≈ 0.433
But earlier from K2 / K'2, I got M_total2 / M_total1 ≈ 2.309, still not matching.",The model repeatedly calculates the mass ratio of the binary star systems using different methods and arrives at contradictory results without resolving the inconsistency.,,0,0,0,1
gpqa:gpqa-167,28,1,10200,no,0,0,none,mechanism_tracing,0,stable,,"The trace does not contain any explicit, unresolved contradictions between concrete claims about the same entity.",,0,0,0,0
gpqa:gpqa-167,31,0,9945,no,0,0,none,case_elimination,0,stable,,"The trace does not contain any explicit, unresolved contradictions between concrete claims about the same entity.",,0,0,0,0
gpqa:gpqa-167,54,0,8189,no,0,0,none,case_elimination,0,stable,,"The trace does not contain any explicit, unresolved contradictions between concrete claims about the same entity.",,0,0,0,0
gpqa:gpqa-167,59,0,10793,no,0,0,none,case_elimination,0,stable,,"The model's reasoning does not contain any explicit, unresolved contradictions. The model carefully evaluates each option and arrives at a conclusion based on the evidence provided.",,0,0,0,0
gpqa:gpqa-174,35,0,15621,no,0,0,none,mechanism_tracing,0,stable,,"The trace does not contain any explicit, unresolved contradictions between concrete claims about the same entity.",,0,0,0,0
gpqa:gpqa-174,40,0,15619,no,0,0,none,mechanism_tracing,0,stable,,"The trace does not contain any explicit, unresolved contradictions between concrete claims about the same entity.",,0,0,0,0
gpqa:gpqa-174,45,1,15619,no,0,0,none,mechanism_tracing,0,stable,,"The trace does not contain any explicit, unresolved contradictions between concrete claims about the same entity.",,0,0,0,0
gpqa:gpqa-174,64,0,14974,no,0,0,none,mechanism_tracing,0,stable,,"The trace does not contain any explicit, unresolved contradictions between concrete claims about the same entity.",,0,0,0,0
gpqa:gpqa-22,22,1,15621,no,0,0,none,mechanism_tracing,0,stable,,"The trace does not contain any explicit, unresolved contradictions between concrete claims about the same entity.",,0,0,0,0
gpqa:gpqa-22,30,0,15619,no,0,0,none,mechanism_tracing,0,stable,,"The trace does not contain any explicit, unresolved contradictions between concrete claims about the same entity.",,0,0,0,0
gpqa:gpqa-22,39,0,15620,no,0,0,none,mechanism_tracing,0,stable,,"The trace does not contain any explicit, unresolved contradictions between concrete claims about the same entity.",,0,0,0,0
gpqa:gpqa-22,56,0,15619,no,0,0,none,mechanism_tracing,0,stable,,"The trace does not contain any explicit, unresolved contradictions between concrete claims about the same entity.",,0,0,0,0
gpqa:gpqa-24,11,1,15620,no,0,0,none,mechanism_tracing,0,stable,,"The trace does not contain any explicit, unresolved contradictions between concrete claims about the same entity.",,0,0,0,0
gpqa:gpqa-24,27,0,15621,no,0,0,none,mechanism_tracing,0,stable,,"The trace does not contain any explicit, unresolved contradictions between concrete claims about the same entity.",,0,0,0,0
gpqa:gpqa-24,54,0,15618,no,0,0,none,mechanism_tracing,0,stable,,"The trace does not contain any explicit, unresolved contradictions between concrete claims about the same entity.",,0,0,0,0
gpqa:gpqa-24,59,0,15621,no,0,0,none,mechanism_tracing,0,stable,,"The trace does not contain any explicit, unresolved contradictions between concrete claims about the same entity.",,0,0,0,0
gpqa:gpqa-29,6,1,15620,no,0,0,none,mechanism_tracing,0,stable,,"The trace does not contain any explicit, unresolved contradictions between concrete claims about the same entity.",,0,0,0,0
gpqa:gpqa-29,13,1,15620,no,0,0,none,mechanism_tracing,0,stable,,"The trace does not contain any explicit, unresolved contradictions between concrete claims about the same entity.",,0,0,0,0
gpqa:gpqa-29,45,0,15621,no,0,0,none,formula_derivation,0,stable,,"The trace does not contain any explicit, unresolved contradictions. The reasoning is consistent and follows a logical path.",,0,0,0,0
gpqa:gpqa-29,60,0,15620,no,0,0,none,mechanism_tracing,0,stable,,"The trace does not contain any explicit, unresolved contradictions. The model's reasoning is consistent and follows a logical progression, even though it considers multiple possibilities and revisits some points.",,0,0,0,0
gpqa:gpqa-32,8,1,15620,no,0,0,none,mechanism_tracing,0,stable,,"The trace does not contain any explicit, unresolved contradictions between concrete claims about the same entity.",,0,0,0,0
gpqa:gpqa-32,14,1,15621,no,0,0,none,mechanism_tracing,0,stable,,"The trace does not contain any explicit, unresolved contradictions between concrete claims about the same entity.",,0,0,0,0
gpqa:gpqa-32,31,0,15619,no,0,0,none,mechanism_tracing,0,stable,,"The trace does not contain any explicit, unresolved contradictions between concrete claims about the same entity.",,0,0,0,0
gpqa:gpqa-32,63,0,15620,no,0,0,none,mechanism_tracing,0,stable,,"The trace does not contain any explicit, unresolved contradictions between concrete claims about the same entity.",,0,0,0,0
gpqa:gpqa-36,14,0,15620,no,0,0,none,mechanism_tracing,0,stable,,"The trace does not contain any explicit, unresolved contradictions between concrete claims about the same entity.",,0,0,0,0
gpqa:gpqa-36,21,1,15621,yes,1,2,framework_boundary,mechanism_tracing,0,lost_state,"Propionaldehyde with BF3 might catalyze the formation of the enol, and then with something. Butan-2-ol has alpha-hydrogens on C1 and C4, both are methyl groups, so acidic, pKa around 20, BuLi can deprotonate. So, deprotonation gives the enolate, B. Butan-2-ol is CH3-CH2-CH(OH)-CH3, so the carbon with OH is C2, so alpha-carbons are C1 and C3. C1 is CH3-, so deprotonation gives CH2- CH2-CH(OH)CH3 with negative charge on C1, but that's not stable; it's the enolate form. Butan-2-ol doesn't have carbonyl, so BuLi might deprotonate the alpha-carbon to form the carbanion, which can then attack bromoethane. So, deprotonation at C1 (the methyl group of butan-2-ol), so C1 is CH3- , so deprotonation gives CH2- with negative charge, so it's CH2- CH2-CH(OH)CH3 with negative charge on carbon, then SN2 with bromoethane gives CH3-CH2-CH(OH)CH2CH2CH3, so hexan-2-ol. Then C is hexan-2-ol. Then C + HgCl2 / H2O / H+ ---> D. HgCl2 / H2O / H+ is for alkyne hydration, so C must be alkyne, but hexan-2-ol is alcohol, not alkyne.","The model's reasoning contradicts itself by initially suggesting that the product C is an alcohol (hexan-2-ol) and then later stating that it must be an alkyne for hydration with HgCl2 / H2O / H+, which is incompatible with the alcohol structure. The contradiction persists without resolution.",,0,1,0,1
gpqa:gpqa-36,30,0,15619,no,0,0,none,mechanism_tracing,0,stable,,"The trace does not contain any explicit, unresolved contradictions between concrete claims about the same entity.",,0,0,0,0
gpqa:gpqa-36,54,1,15619,no,0,0,none,mechanism_tracing,0,stable,,"The trace does not contain any explicit, unresolved contradictions between concrete claims about the same entity.",,0,0,0,0
gpqa:gpqa-37,30,1,15620,no,0,0,none,mechanism_tracing,0,stable,,"The trace does not contain any explicit, unresolved contradictions between concrete claims about the same entity.",,0,0,0,0
gpqa:gpqa-37,35,1,15620,no,0,0,none,mechanism_tracing,0,stable,,"The trace does not contain any explicit, unresolved contradictions between concrete claims about the same entity.",,0,0,0,0
gpqa:gpqa-37,49,1,15621,no,0,0,none,mechanism_tracing,0,stable,,"The trace does not contain any explicit, unresolved contradictions between concrete claims about the same entity.",,0,0,0,0
gpqa:gpqa-37,57,0,15620,no,0,0,none,mechanism_tracing,0,stable,,"The trace does not contain any explicit, unresolved contradictions between concrete claims about the same entity.",,0,0,0,0
gpqa:gpqa-59,14,1,15618,no,0,0,none,formula_derivation,0,stable,,"The trace does not contain any explicit, unresolved contradictions between concrete claims about the same entity.",,0,0,0,0
gpqa:gpqa-59,33,0,15619,no,0,0,none,formula_derivation,0,stable,,"The trace does not contain any explicit, unresolved contradictions between concrete claims about the same entity.",,0,0,0,0
gpqa:gpqa-59,48,0,15617,no,0,0,none,mechanism_tracing,0,stable,,"The trace does not contain any explicit, unresolved contradictions between concrete claims about the same entity.",,0,0,0,0
gpqa:gpqa-59,59,1,15619,no,0,0,none,mechanism_tracing,0,stable,,"The trace does not contain any explicit, unresolved contradictions between concrete claims about the same entity.",,0,0,0,0
gpqa:gpqa-66,19,1,15619,no,0,0,none,mechanism_tracing,0,stable,,"The trace does not contain any explicit, unresolved contradictions between concrete claims about the same entity.",,0,0,0,0
gpqa:gpqa-66,23,1,15619,no,0,0,none,mechanism_tracing,0,stable,,"The trace does not contain any explicit, unresolved contradictions between concrete claims about the same entity.",,0,0,0,0
gpqa:gpqa-66,54,0,15620,no,0,0,none,mechanism_tracing,0,stable,,"The trace does not contain any explicit, unresolved contradictions between concrete claims about the same entity.",,0,0,0,0
gpqa:gpqa-66,62,1,15621,no,0,0,none,mechanism_tracing,0,stable,,"The trace does not contain any explicit, unresolved contradictions between concrete claims about the same entity.",,0,0,0,0
gpqa:gpqa-76,15,0,15621,no,0,0,none,mechanism_tracing,0,stable,,"The trace does not contain any explicit, unresolved contradictions between concrete claims about the same entity.",,0,0,0,0
gpqa:gpqa-76,19,1,15620,no,0,0,none,mechanism_tracing,0,stable,,"The trace does not contain any explicit, unresolved contradictions between concrete claims about the same entity.",,0,0,0,0
gpqa:gpqa-76,46,0,15620,no,0,0,none,mechanism_tracing,0,stable,,"The trace does not contain any explicit, unresolved contradictions between concrete claims about the same entity.",,0,0,0,0
gpqa:gpqa-76,48,0,15621,no,0,0,none,mechanism_tracing,0,stable,,"The trace does not contain any explicit, unresolved contradictions between concrete claims about the same entity.",,0,0,0,0
gpqa:gpqa-78,15,1,15620,yes,1,2,framework_boundary,mechanism_tracing,0,lost_state,"The product has a carbonyl group? But compound X is C11H12O, and the reaction might not introduce oxygen, but let's see the molecular formula. The NMR signals add up to C with 11 carbons, but the carbon count in 13C NMR: sum of carbons: 1 + 1 + 2 + 1 + 2 + 1 + 1 + 1 + 1 = 11 carbons. Yes, matches. Now, the carbonyl carbon is at 197.7 ppm, which is typical for an epoxide or something? Epoxides don't have carbonyl; they have C-O bonds. 197.7 is way downfield for C-O, that's more like a carboxylic acid or aldehyde. Carboxylic acids are around 170-185, aldehydes 190-200. 197.7 is in the range for carbonyls, perhaps an aldehyde or ketone. But let's look back at the reaction. The reagent is 1,4-diazabicyclo[2.2.2]octane, a strong base, and high temperature. This might be an elimination reaction or perhaps deprotonation leading to a different functional group.","The model identifies a carbonyl group in the product, which is inconsistent with the molecular formula of compound X (C11H12O) and the expected properties of epoxides. The model struggles to reconcile these observations, leading to confusion and a lost state in the reasoning.",,1,1,0,0
gpqa:gpqa-78,16,0,15620,no,0,0,none,mechanism_tracing,0,stable,,"The trace does not contain any explicit, unresolved contradictions between concrete claims about the same entity.",,0,0,0,0
gpqa:gpqa-78,55,0,15618,no,0,0,none,mechanism_tracing,0,stable,,"The trace does not contain any explicit, unresolved contradictions between concrete claims about the same entity.",,0,0,0,0
gpqa:gpqa-78,59,1,15617,no,0,0,none,mechanism_tracing,0,stable,,"The trace does not contain any explicit, unresolved contradictions between concrete claims about the same entity.",,0,0,0,0
gpqa:gpqa-84,7,0,15619,no,0,0,none,formula_derivation,0,stable,,"The trace does not contain any explicit, unresolved contradictions. The model's reasoning is consistent and follows a logical progression.",,0,0,0,0
gpqa:gpqa-84,19,0,15620,no,0,0,none,mechanism_tracing,0,stable,,"The trace does not contain any explicit, unresolved contradictions between concrete claims about the same entity.",,0,0,0,0
gpqa:gpqa-84,57,1,15621,no,0,0,none,mechanism_tracing,0,stable,,"The trace does not contain any explicit, unresolved contradictions between concrete claims about the same entity.",,0,0,0,0
gpqa:gpqa-84,59,1,15618,no,0,0,none,mechanism_tracing,0,stable,,"The trace does not contain any explicit, unresolved contradictions between concrete claims about the same entity.",,0,0,0,0
gpqa:gpqa-92,20,0,15497,no,0,0,none,mechanism_tracing,0,stable,,"The trace does not contain any explicit, unresolved contradictions between concrete claims about the same entity.",,0,0,0,0
gpqa:gpqa-92,30,1,15203,yes,1,3,regression_loop,mechanism_tracing,0,self_contradictory,"From 100000 to 10000, concentration decreases, so CT should increase. But in data, when concentration decreases from 100000 to 10000, CT decreases from 34.2 to 31.0, which is wrong.","The trace consistently claims that CT should increase with decreasing concentration, but the data shows the opposite, leading to a persistent contradiction that is never resolved.",,0,0,0,1
gpqa:gpqa-92,31,0,15621,yes,1,3,formula_precondition,formula_derivation,0,self_contradictory,"For qPCR, the standard curve is usually plotted with log(concentration) vs Ct, and the slope is -3.3. For a standard qPCR efficiency calculation, the slope is related to the efficiency. The formula is slope = - (log2(Efficiency) + 1) for the standard curve. But here, efficiency is 100%, R2 is 1, and slope is -3.3. For 100% efficiency, each 10-fold dilution results in a decrease of 1 Ct value. But here, the dilution is serial, so from one concentration to the next is a 10-fold dilution. And for 100% efficiency, the Ct should decrease by approximately 1 cycle per 10-fold dilution. But here, average Ct at 100000 is 34.2, at 10000 is 30.9, difference is 3.3 cycles. That doesn't make sense. For 100000 to 10000, it's 10-fold dilution, so ΔCt should be -1. But here, average Ct at 100000 is 34.2, at 10000 is 30.9, difference is 3.3 cycles.","The trace claims a slope of -3.3 for a 100% efficient qPCR, which is inconsistent with the expected decrease of 1 Ct value per 10-fold dilution. The trace then notes the observed decrease of 3.3 cycles, which is incompatible with the 100% efficiency claim.",,0,0,0,0
gpqa:gpqa-92,40,1,13810,yes,1,3,formula_precondition,mechanism_tracing,0,self_contradictory,"For E=2, ΔCt should be positive for dilution. But here ΔCt is negative, so E < 2.","The trace claims that for perfect efficiency (E=2), ΔCt should increase with dilution, but the data shows a decrease, leading to a contradiction that the efficiency is less than 2.",,0,0,0,0
gpqa:gpqa-94,7,0,15618,no,0,0,none,mechanism_tracing,0,stable,,"The trace does not contain any explicit, unresolved contradictions between concrete claims about the same entity.",,0,0,0,0
gpqa:gpqa-94,29,1,15619,no,0,0,none,mechanism_tracing,0,stable,,"The trace does not contain any explicit, unresolved contradictions between concrete claims about the same entity.",,0,0,0,0
gpqa:gpqa-94,47,0,15620,no,0,0,none,mechanism_tracing,0,stable,,"The trace does not contain any explicit, unresolved contradictions between concrete claims about the same entity.",,0,0,0,0
gpqa:gpqa-94,62,1,15619,no,0,0,none,mechanism_tracing,0,stable,,"The trace does not contain any explicit, unresolved contradictions between concrete claims about the same entity.",,0,0,0,0
